CITY,ROOF_TYPE,CAPACITY,LATITUDE,LONGITUDE
Arlington,Retractable,80000.0,32.74778,-97.09277
Atlanta,Dome,71228.0,33.75735,-84.40120999999999
Baltimore,Open,71008.0,39.2779,-76.6227
Charlotte,Open,73778.0,35.225840000000005,-80.85331
Chicago,Open,61500.0,41.8625,-87.61676999999999
Cincinnati,Open,65535.0,39.09532,-84.51623000000001
Cleveland,Open,65790.0,41.50618,-81.69962
Denver,Open,76125.0,39.743959999999994,-105.02028
Detroit,Dome,64111.0,42.34005,-83.04564
East Rutherford,Open,82500.0,40.81361,-74.07444
Foxboro,Open,68756.0,42.091879999999996,-71.26491
Glendale,Retractable,63400.0,33.52713,-112.25876000000001
Green Bay,Open,72928.0,44.50117,-88.06223
Houston,Retractable,71500.0,29.684929999999998,-95.41091999999999
Indianapolis,Retractable,63000.0,39.76,-86.16360999999999
Jacksonville,Open,76867.0,30.32387,-81.6369
Kansas City,Open,77000.0,39.04895,-94.48388
Landover,Open,91704.0,38.907779999999995,-76.86444
Miami,,,25.95801,-80.23889
Minneapolis,Dome,64035.0,44.97401,-93.25848
Nashville,Open,68798.0,36.166540000000005,-86.77252
New Orleans,Dome,72968.0,29.951159999999998,-90.08128
Oakland,Open,63026.0,37.75233,-122.1999
Orchard Park,Open,73967.0,42.773790000000005,-78.78679
Philadelphia,,,39.90147,-75.16729000000001
Pittsburgh,Open,65050.0,40.44673,-80.01574000000001
Saint Louis,Dome,66965.0,38.63278,-90.18854
San Diego,Open,71294.0,32.78322,-117.11976000000001
San Francisco,Open,70207.0,37.71399,-122.38673
Seattle,Open,67000.0,47.59476,-122.33165
Tampa,Open,65857.0,27.97884,-82.50349
